{
  "degree": 3,
  "rd_center": 3.0,
  "omega_b_center": 0.3218,
  "powers": [
    [
      0,
      0
    ],
    [
      0,
      1
    ],
    [
      0,
      2
    ],
    [
      0,
      3
    ],
    [
      1,
      0
    ],
    [
      1,
      1
    ],
    [
      1,
      2
    ],
    [
      2,
      0
    ],
    [
      2,
      1
    ],
    [
      3,
      0
    ]
  ],
  "outputs": {
    "T_avg_C": {
      "coefficients": [
        852.4426190424257,
        -849.4807268334713,
        -1166.6124634869336,
        -1126.9486917493512,
        2.4672986042690104,
        -1.504269884022145,
        -8.83047977361237,
        2.308223287517841,
        4.2118533600971615,
        2.0414100862169127
      ],
      "train_rmse": 0.7627125024176934,
      "train_max_abs": 1.9398835143015276,
      "loo_rmse": 1.0092618007014975,
      "loo_max_abs": 2.2941502542395256,
      "n_samples": 42
    },
    "T_stack_C": {
      "coefficients": [
        932.4401791755214,
        -919.2539761151412,
        -1269.3426543588191,
        -1196.7957386216008,
        23.535336051344526,
        -22.746424874930334,
        -56.04255442836616,
        4.588004315773417,
        16.95094132618811,
        7.240567036126152
      ],
      "train_rmse": 2.223463887446661,
      "train_max_abs": 5.806404907946558,
      "loo_rmse": 3.0650337974766693,
      "loo_max_abs": 7.007699778861252,
      "n_samples": 42
    },
    "v_stack_mps": {
      "coefficients": [
        17.104236410296128,
        -9.067246251499236,
        -14.051240553415012,
        -11.196171481894094,
        5.990995227668769,
        -3.4615809888106086,
        -4.076329409518474,
        0.005192814972037207,
        -0.06868452314473623,
        -0.024516405887191926
      ],
      "train_rmse": 0.02121082017711756,
      "train_max_abs": 0.058085537562462264,
      "loo_rmse": 0.032388307700059266,
      "loo_max_abs": 0.08264135843864295,
      "n_samples": 42
    },
    "T_surface_min_C": {
      "coefficients": [
        864.4663301993796,
        -834.1399029598678,
        -1116.9735301755072,
        -960.4952330470452,
        66.61338787813129,
        -51.52293625332124,
        -115.75260644234471,
        0.48203533782604274,
        25.248423164708946,
        10.417026818379934
      ],
      "train_rmse": 3.679443723598557,
      "train_max_abs": 9.051327416212871,
      "loo_rmse": 5.260487088030506,
      "loo_max_abs": 11.993170564466368,
      "n_samples": 42
    },
    "T_surface_max_C": {
      "coefficients": [
        1047.3816985917601,
        -1039.7304091365736,
        -1429.0460920781113,
        -1384.7156372570537,
        1.3857227579544622,
        -0.4582054444149125,
        -4.5648022596572835,
        0.4667162180269174,
        1.1082051767739451,
        0.6397070367426351
      ],
      "train_rmse": 0.708293033154075,
      "train_max_abs": 1.1889181882339699,
      "loo_rmse": 0.9415977055659005,
      "loo_max_abs": 1.8141935777968001,
      "n_samples": 42
    },
    "T_surface_std_C": {
      "coefficients": [
        13.539449481579057,
        -13.988511947088945,
        -22.009564639461896,
        -34.883278763624986,
        -5.138188647226302,
        3.6585610709271594,
        15.643189114755376,
        -2.324137716188899,
        -5.75787687596979,
        -2.6891746287676535
      ],
      "train_rmse": 0.783832970232765,
      "train_max_abs": 1.9831347871492255,
      "loo_rmse": 1.0860165507585664,
      "loo_max_abs": 2.7632304617150325,
      "n_samples": 42
    }
  }
}